URL,Anchor
https://www.bu.edu/link/bin/uiscgi_studentlink.pl/1459890875?ModuleName=advisor_giveaway_list.pl&GiverId=&Version=1,Academic Advising
https://www.bu.edu/reg/dates/,Academic Calendar
https://www.bu.edu/link/bin/uiscgi_studentlink.pl/1459890875?ModuleName=acadsum.pl,Academic Summary
https://www.bu.edu/link/bin/uiscgi_studentlink.pl/1459890875?ModuleName=address/_start.pl,Address and Phone
http://www.bu.edu/library/,BU Libraries
http://www.bu.edu/today,BU Today
http://bu.bncollege.com,Campus Bookstore
http://www.bu.edu/MAP/,Campus Map
https://www.bu.edu/link/bin/uiscgi_studentlink.pl/1459890875?ModuleName=career_advisor_network.pl,Career Advisory Network
http://www.bu.edu/careers,Center for Career Development
http://www.bu.edu/computing/accounts/kerberos,Change Your Kerberos Password
http://www.bu.edu/webmail/,Check Your Email
https://www.bu.edu/alumni-forms/forms/classgift/,Class Gift Donation Form
https://www.bu.edu/link/bin/uiscgi_studentlink.pl/1459890875?ModuleName=allgpa.pl,Classes
https://www.bu.edu/link/bin/uiscgi_studentlink.pl/1459890875?ModuleName=parking_services/pk_sl_application.pl,Commuter?Parking?Permits
https://www.bu.edu/link/bin/uiscgi_studentlink.pl/1459890875?ModuleName=compliance/_start.pl,Compliance Status
https://www.bu.edu/link/bin/uiscgi_studentlink.pl/1459890875?ModuleName=bio/rtd/_start.pl,Consent-to-Disclosure
https://www.bu.edu/link/bin/uiscgi_studentlink.pl/1459890875?ModuleName=conv_pt_pch1.pl,Convenience Points Purchase
https://www.bu.edu/link/bin/uiscgi_studentlink.pl/1459890875?ModuleName=current_balance_meal_and_pt.pl,Current Balance - Meals & Points
https://www.bu.edu/link/bin/uiscgi_studentlink.pl/1459890875?ModuleName=allsched.pl,Current Schedule
https://www.bu.edu/dental/patients/sdp/,Dental Plan
http://www.bu.edu/housing/dining/plans/,Dining Plan Options
https://www.bu.edu/link/bin/uiscgi_studentlink.pl/1459890875?ModuleName=add_board_startup.pl,Add or Change your Dining Plan
https://ppo.buw.bu.edu/,Direct Deposit Authorization
https://www.bu.edu/link/bin/uiscgi_studentlink.pl/1459890875?ModuleName=bio/directory/_start.pl,Directory Information
http://www.bu.edu/seo/students/studentjobservice/eligibility/,Eligibility Requirements for Student Employees
https://www.bu.edu/link/bin/uiscgi_studentlink.pl/1459890875?ModuleName=time_entry/job_summary.pl,Employee Time Entry
https://www.bu.edu/link/bin/uiscgi_studentlink.pl/1459890875?ModuleName=xcred.pl,External Credits & Test Scores
https://www.bu.edu/link/bin/uiscgi_studentlink.pl/1459890875?ModuleName=alternate_external_id/_start.pl,External ID
https://www.bu.edu/link/bin/uiscgi_studentlink.pl/1459890875?ModuleName=finstat.pl,Federal Financial Aid Credit Authorization Status
https://www.bu.edu/link/bin/uiscgi_studentlink.pl/1459890875?ModuleName=final_exam.pl,Final Exam Schedule
https://myfitrec.bu.edu/wbwsc/webtrac.wsc/wbsplash.html?ccode=MEMBR&id=MEM,FitRec Membership
https://myfitrec.bu.edu/wbwsc/webtrac.wsc/wb0305.html?xxcim=0&xxpasstype=FTIN12&xxmod=PM,FitRec Usage Agreement
http://www.bu.edu/finaid/index.html,General Financial Aid Information
https://www.bu.edu/link/bin/uiscgi_studentlink.pl/1459922578?ModuleName=reg/option/_start.pl&ViewSem=Fall%202016&KeySem=20173,Fall Planner
https://www.bu.edu/link/bin/uiscgi_studentlink.pl/1459890875?ModuleName=grade1.pl,Grades
https://www.bu.edu/link/bin/uiscgi_studentlink.pl/1459890875?ModuleName=problem.pl,How to Report a Problem
https://www.bu.edu/link/bin/uiscgi_studentlink.pl/1459890875?ModuleName=ident.pl,Identification (Your Name)
https://www.bu.edu/link/bin/uiscgi_studentlink.pl/1459890875?ModuleName=intl_verification.pl,International Verification
https://www.bu.edu/link/bin/uiscgi_studentlink.pl/1459890875?ModuleName=job1.pl,Job Board Listings
http://laundry-web.bu.edu,Laundry Web
http://library.bu.edu/patroninfo,Library Account
https://www.bu.edu/link/bin/uiscgi_studentlink.pl/1459890875?ModuleName=clearing_house/clearing_house_launch.pl,Loan Deferment Notifications
https://www.bu.edu/link/bin/uiscgi_doc_e_signature.pl?ModuleName=doc_display_manage.pl&Doc_Cd=MAMOTORLAW,Mass Motor Vehicle Law Acknowledgement
https://www.bu.edu/link/bin/uiscgi_studentlink.pl/1459890875?ModuleName=parking_services/tpass_application.pl,MBTA Semester Pass
https://www.bu.edu/link/bin/uiscgi_studentlink.pl/1459890875?ModuleName=medins.pl,Medical Insurance
https://www.bu.edu/link/bin/uiscgi_studentlink.pl/1459890875?ModuleName=vending_services/microfridge_menu.pl,"MicroFridge?, TV & Safe Rental"
https://www.bu.edu/link/bin/uiscgi_studentlink.pl/1459890875?ModuleName=advisor_list.pl&GiverId=&Version=1,My Advisor
https://myhousing.bu.edu/StarRezPortal/,My Housing
http://www.bu.edu/offcampus,Off Campus Housing
https://www.bu.edu/link/bin/uiscgi_studentlink.pl/1459890875?ModuleName=bio/_start.pl,Personal Profile
https://www.bu.edu/link/bin/uiscgi_studentlink.pl/1459890875?ModuleName=clearing_house/clearing_house_launch.pl,Proof of Enrollment
https://www.bu.edu/link/bin/uiscgi_studentlink.pl/1459890875?ModuleName=info1.pl,Questions and Information
https://www.bu.edu/link/bin/uiscgi_studentlink.pl/1459890875?ModuleName=quikinfo.pl,Quickie Jobs - General Info
https://www.bu.edu/link/bin/uiscgi_studentlink.pl/1459890875?ModuleName=quik1.pl,Quickie Job Listings
https://www.bu.edu/link/bin/uiscgi_studentlink.pl/1459890875?ModuleName=start.pl,Read Me First / Getting Started
https://www.bu.edu/reg/registration/registration-forms/,Registrar's Office Downloadable Forms
https://www.bu.edu/reg/frequently-asked-questions/,Registrar's Office FAQ's
https://www.bu.edu/link/bin/uiscgi_studentlink.pl/1459890875?ModuleName=regsched.pl,Registration
https://www.bu.edu/link/bin/uiscgi_studentlink.pl/1459890875?ModuleName=ho_assignment.pl,Residence Assignment
https://www.bu.edu/link/bin/uiscgi_studentlink.pl/1459890875?ModuleName=stl_se_jobs_search.pl,Search - Quickie and Job Board
https://www.bu.edu/link/bin/uiscgi_studentlink.pl/1459890875?ModuleName=sharelink/start.pl,ShareLink Access
https://www.bu.edu/link/bin/uiscgi_studentlink.pl/1459890875?ModuleName=sport1.pl,Sports Pass
https://studentloans.gov/myDirectLoan/index.action,Stafford Loan Entrance Counseling
https://studentloans.gov/myDirectLoan/index.action,Stafford On-line Promissory Note
http://dentalschool.bu.edu/sdp,Student Dental Plan
http://www.bu.edu/seo/students,Student Employment Office Website
https://www.bu.edu/link/bin/uiscgi_studentlink.pl/1459890875?ModuleName=faq_sa.pl,Student Account FAQ's
https://www.bu.edu/link/bin/uiscgi_studentlink.pl/1459890875?ModuleName=sa_inq_intro.pl,Student Account Inquiry
https://www.bu.edu/link/bin/uiscgi_studentlink.pl/1459890875?ModuleName=suggest.pl,Suggestion Box
http://www.bu.edu/summer,Summer Term
http://laundry-web.bu.edu,Terrier Card Center
https://www.bu.edu/link/bin/uiscgi_studentlink.pl/1459890875?ModuleName=transcript_preview.pl,Transcript Preview and Ordering
https://www.bu.edu/link/bin/uiscgi_studentlink.pl/1459890875?ModuleName=univschs.pl,University Class Schedule
https://www.bu.edu/phpbin/course-search/index.php,University Course Description Search
https://www.bu.edu/link/bin/uiscgi_studentlink.pl/1459890875?ModuleName=univ_final_exam1.pl,University Final Exam Schedule
https://ppo.buw.bu.edu/,View Salary Statement
https://www.bu.edu/link/bin/uiscgi_studentlink.pl/1459890875?ModuleName=whatson.pl,What's on the Student Link
https://www.bu.edu/link/bin/uiscgi_studentlink.pl/1459890875?ModuleName=workstu_award_info.pl,Work-Study Award Information
https://www.bu.edu/link/bin/uiscgi_studentlink.pl/1459890875?ModuleName=workstu_intro.pl,Work-Study Job Listings
https://www.bu.edu/link/bin/uiscgi_studentlink.pl/1459890875?ModuleName=se_work_expr_list.pl,Work-Study Job Evaluations
https://www.bu.edu/link/bin/uiscgi_studentlink.pl/1459890875?ModuleName=fin_aid_questions.pl,Your Financial Aid
http://www.bu.edu/link/bin/uiscgi_studentlink.pl/1459912052?ModuleName=reggraph.pl,Graph Schedule
https://www.bu.edu/link/bin/uiscgi_studentlink.pl/1459917391?ModuleName=menu.pl&NewMenu=Academics,Academics
https://www.bu.edu/link/bin/uiscgi_studentlink.pl/1459917421?ModuleName=menu.pl&NewMenu=Money,Money
https://www.bu.edu/link/bin/uiscgi_studentlink.pl/1459917427?ModuleName=menu.pl&NewMenu=Personal,Personal
https://www.bu.edu/link/student/images/tab_set/tab_work.gif,Work
https://www.bu.edu/link/bin/uiscgi_studentlink.pl/1459917666?ModuleName=menu.pl&NewMenu=Food,Food
https://www.bu.edu/link/bin/uiscgi_studentlink.pl/1459928906?ModuleName=da_sel_408.pl,Degree Advice
http://www.bu.edu/link/bin/uiscgi_studentlink.pl/1459929189?ModuleName=gpa_calc.pl,gpa